Balanced Accuracy,Precision (Goles),Recall (Goles),ROC-AUC
0.6624425138039715,0.26666666666666666,0.4968944099378882,0.7460117813314945
