Balanced Acc,ROC-AUC,Log Loss (xG Error),Recall (Goles)
0.758521554591854,0.8101705039360138,0.4462993388952553,0.6335403726708074
